{"layer_depth_00": [3.883495807647705, 36.943538665771484], "layer_depth_01": [1.9801981449127197, 3.8835136890411377], "layer_depth_02": [1.3289036750793457, 1.9802041053771973], "layer_depth_03": [1.0, 1.328906774520874], "frame_size": [752, 1008], "extrinsic_re": [0.9993954300880432, -0.0013882382772862911, -0.03474033623933792, -0.059253182262182236, 0.0020560806151479483, 0.9998136162757874, 0.019195498898625374, -0.015043415129184723, 0.034707210958004, -0.019255323335528374, 0.9992120265960693, -0.007141808979213238], "intrinsics_re": [0.8503163456916809, 0.0, 0.5, 0.0, 1.133755087852478, 0.5, 0.0, 0.0, 1.0]}