{"layer_depth_00": [3.883495807647705, 42.355140686035156], "layer_depth_01": [1.9801981449127197, 3.8835082054138184], "layer_depth_02": [1.3289036750793457, 1.980202078819275], "layer_depth_03": [1.0, 1.328906774520874], "frame_size": [752, 1008], "extrinsic_re": [0.9974296689033508, -0.061983123421669006, 0.03594594821333885, -0.09919662028551102, 0.06053057312965393, 0.9973573088645935, 0.04018056020140648, -0.027804579585790634, -0.038341473788022995, -0.03790145739912987, 0.9985456466674805, 0.020601248368620872], "intrinsics_re": [0.7405260801315308, 0.0, 0.5, 0.0, 0.987368106842041, 0.5, 0.0, 0.0, 1.0]}