{"layer_depth_00": [3.883495807647705, 99.7816162109375], "layer_depth_01": [1.9801981449127197, 3.8835127353668213], "layer_depth_02": [1.3289036750793457, 1.980203628540039], "layer_depth_03": [1.0000001192092896, 1.3289064168930054], "frame_size": [752, 1008], "extrinsic_re": [0.9996662139892578, 0.022920211777091026, 0.011919439770281315, -0.02564992383122444, -0.02292998693883419, 0.9997368454933167, 0.000684166036080569, 0.055764760822057724, -0.011900621466338634, -0.0009572503040544689, 0.9999287128448486, -0.050845418125391006], "intrinsics_re": [0.8826826214790344, 0.0, 0.5, 0.0, 1.176910161972046, 0.5, 0.0, 0.0, 1.0]}