{"layer_depth_00": [3.883495807647705, 99.89276123046875], "layer_depth_01": [1.9801981449127197, 3.7984540462493896], "layer_depth_02": [1.3289036750793457, 1.9801979064941406], "layer_depth_03": [1.0000003576278687, 1.3289062976837158], "frame_size": [752, 1008], "extrinsic_re": [0.9999269843101501, -0.004610802046954632, 0.01116965338587761, -0.05348198488354683, 0.00444044079631567, 0.9998741745948792, 0.0152292400598526, 0.009924075566232204, -0.011238466948270798, -0.015178529545664787, 0.999821662902832, 0.0003892366657964885], "intrinsics_re": [0.8017194867134094, 0.0, 0.5, 0.0, 1.068959355354309, 0.5, 0.0, 0.0, 1.0]}