{"layer_depth_00": [3.883495807647705, 43.89493179321289], "layer_depth_01": [1.9801981449127197, 3.8834915161132812], "layer_depth_02": [1.3289036750793457, 1.9801967144012451], "layer_depth_03": [1.0000001192092896, 1.3289064168930054], "frame_size": [752, 1008], "extrinsic_re": [0.9968616962432861, 0.004137439653277397, -0.07905435562133789, 0.03430938720703125, -0.0038219818379729986, 0.9999841451644897, 0.004141285549849272, 0.013122891075909138, 0.07907024025917053, -0.003826144617050886, 0.9968616962432861, 0.00028578867204487324], "intrinsics_re": [0.8086622953414917, 0.0, 0.5, 0.0, 1.0782164335250854, 0.5, 0.0, 0.0, 1.0]}