{"layer_depth_00": [3.883495807647705, 90.33444213867188], "layer_depth_01": [1.9801981449127197, 3.882122039794922], "layer_depth_02": [1.3451870679855347, 1.9802017211914062], "layer_depth_03": [1.0000022649765015, 1.328906536102295], "frame_size": [752, 1008], "extrinsic_re": [0.9993950128555298, 0.005425154231488705, -0.03435381501913071, 0.10960111021995544, -0.005634920671582222, 0.999966025352478, -0.006012187339365482, -0.031487226486206055, 0.034320034086704254, 0.006202130578458309, 0.9993916749954224, 0.001822766731493175], "intrinsics_re": [0.8055204749107361, 0.0, 0.5, 0.0, 1.008223533630371, 0.5, 0.0, 0.0, 1.0]}