{"layer_depth_00": [3.883495807647705, 11.161904335021973], "layer_depth_01": [1.9801981449127197, 3.883512496948242], "layer_depth_02": [1.3289036750793457, 1.9801998138427734], "layer_depth_03": [1.0, 1.3289066553115845], "frame_size": [752, 1008], "extrinsic_re": [0.9996902942657471, 0.004810838494449854, -0.024417012929916382, -0.05247221514582634, -0.00450022192671895, 0.999908447265625, 0.012760370038449764, 0.005880148150026798, 0.02447616681456566, -0.012646536342799664, 0.9996204376220703, -0.0006454784888774157], "intrinsics_re": [0.8866713047027588, 0.0, 0.5, 0.0, 1.1822283267974854, 0.5, 0.0, 0.0, 1.0]}