{"layer_depth_00": [3.883495807647705, 100.00044250488281], "layer_depth_01": [1.9801981449127197, 3.8835129737854004], "layer_depth_02": [1.3289036750793457, 1.980203628540039], "layer_depth_03": [1.0000001192092896, 1.328906774520874], "frame_size": [752, 1008], "extrinsic_re": [0.9992949366569519, -0.01793297566473484, 0.03298478201031685, 0.04804285988211632, 0.017605317756533623, 0.9997929930686951, 0.010197342373430729, 0.008616342209279537, -0.033160824328660965, -0.009609444998204708, 0.9994038343429565, -0.002481649164110422], "intrinsics_re": [0.9198047518730164, 0.0, 0.5, 0.0, 1.2264063358306885, 0.5, 0.0, 0.0, 1.0]}