{"layer_depth_00": [3.883495807647705, 97.54916381835938], "layer_depth_01": [1.9801981449127197, 3.8835127353668213], "layer_depth_02": [1.3289036750793457, 1.9802038669586182], "layer_depth_03": [1.0, 1.3289062976837158], "frame_size": [752, 1008], "extrinsic_re": [0.9998563528060913, 0.00959357526153326, -0.013973777182400227, -0.035444289445877075, -0.008881143294274807, 0.9987005591392517, 0.050182729959487915, 0.004359598271548748, 0.014437050558626652, -0.05005142092704773, 0.9986422657966614, -0.0007613439229317009], "intrinsics_re": [0.8373014330863953, 0.0, 0.5, 0.0, 1.1164019107818604, 0.5, 0.0, 0.0, 1.0]}