{"layer_depth_00": [3.883495807647705, 80.994140625], "layer_depth_01": [1.9801981449127197, 3.8835132122039795], "layer_depth_02": [1.3289036750793457, 1.9802043437957764], "layer_depth_03": [1.0, 1.328906774520874], "frame_size": [752, 1008], "extrinsic_re": [0.9999697208404541, -0.006201985292136669, 0.004697408061474562, -0.0662854015827179, 0.006318612024188042, 0.9996616244316101, -0.025233881548047066, -0.013511431403458118, -0.0045393179170787334, 0.025262797251343727, 0.9996705651283264, 0.0026113130152225494], "intrinsics_re": [0.847120463848114, 0.0, 0.5, 0.0, 1.1294939517974854, 0.5, 0.0, 0.0, 1.0]}