{"layer_depth_00": [3.883495807647705, 100.00074768066406], "layer_depth_01": [1.9801981449127197, 3.883511543273926], "layer_depth_02": [1.3289036750793457, 1.98020339012146], "layer_depth_03": [1.0000028610229492, 1.3289064168930054], "frame_size": [752, 1008], "extrinsic_re": [0.999670147895813, -0.0028837695717811584, -0.02551909163594246, 0.043372977524995804, 0.0029570898041129112, 0.9999915957450867, 0.0028358721174299717, 0.037955671548843384, 0.025510698556900024, -0.002910398878157139, 0.9996703267097473, 0.008935779333114624], "intrinsics_re": [0.7436244487762451, 0.0, 0.5, 0.0, 0.9914992451667786, 0.5, 0.0, 0.0, 1.0]}