{"layer_depth_00": [7.476637840270996, 95.71171569824219], "layer_depth_01": [3.883495807647705, 7.4692912101745605], "layer_depth_02": [2.622951030731201, 3.8835015296936035], "layer_depth_03": [1.9801981449127197, 2.6229538917541504], "layer_depth_04": [1.5904573202133179, 1.980199933052063], "layer_depth_05": [1.3289036750793457, 1.5904585123062134], "layer_depth_06": [1.1412267684936523, 1.328904628753662], "layer_depth_07": [1.0, 1.1412274837493896], "frame_size": [720, 1280], "extrinsic_re": [0.9999884963035583, -0.0019050348782911897, -0.004401300102472305, -0.011713586747646332, 0.0018898510606959462, 0.9999922513961792, -0.0034514381550252438, -0.002511565573513508, 0.00440784078091383, 0.0034430804662406445, 0.9999843835830688, -0.005149527452886105], "intrinsics_re": [0.943708598613739, 0.0, 0.49943652749061584, 0.0, 1.6777042150497437, 0.416732519865036, 0.0, 0.0, 1.0]}