{"layer_depth_00": [3.883495807647705, 20.36654281616211], "layer_depth_01": [1.9801981449127197, 3.8835134506225586], "layer_depth_02": [1.3289036750793457, 1.9802031517028809], "layer_depth_03": [1.0, 1.3289059400558472], "frame_size": [752, 1008], "extrinsic_re": [0.9935239553451538, 0.051086362451314926, -0.10149051994085312, -0.04486590996384621, -0.054351139813661575, 0.9980810880661011, -0.02966608852148056, -0.06273538619279861, 0.09978023916482925, 0.034990094602108, 0.994394063949585, -0.05947112664580345], "intrinsics_re": [0.7758287191390991, 0.0, 0.4979935884475708, 0.0, 1.0344383716583252, 0.5023682713508606, 0.0, 0.0, 1.0]}