{"layer_depth_00": [3.883495807647705, 98.93452453613281], "layer_depth_01": [1.9801981449127197, 3.8570144176483154], "layer_depth_02": [1.3289037942886353, 1.9802038669586182], "layer_depth_03": [1.0000014305114746, 1.3289066553115845], "frame_size": [752, 1008], "extrinsic_re": [0.999797523021698, 0.0029105779249221087, 0.01991083286702633, -0.027359619736671448, -0.0016745945904403925, 0.9980863332748413, -0.06181320548057556, 0.0009166865493170917, -0.02005264349281788, 0.061767347157001495, 0.9978891015052795, 0.005914679262787104], "intrinsics_re": [0.746724545955658, 0.0, 0.5, 0.0, 1.0031507015228271, 0.5, 0.0, 0.0, 1.0]}